[{"inputs":[{"internalType":"address payable","name":"_messenger","type":"address"}],"stateMutability":"nonpayable","type":"constructor"},{"anonymous":false,"inputs":[{"indexed":true,"internalType":"address","name":"localToken","type":"address"},{"indexed":true,"internalType":"address","name":"remoteToken","type":"address"},{"indexed":true,"internalType":"address","name":"from","type":"address"},{"indexed":false,"internalType":"address","name":"to","type":"address"},{"indexed":false,"internalType":"uint256","name":"amount","type":"uint256"},{"indexed":false,"internalType":"bytes","name":"extraData","type":"bytes"}],"name":"ERC20BridgeFinalized","type":"event"},{"anonymous":false,"inputs":[{"indexed":true,"internalType":"address","name":"localToken","type":"address"},{"indexed":true,"internalType":"address","name":"remoteToken","type":"address"},{"indexed":true,"internalType":"address","name":"from","type":"address"},{"indexed":false,"internalType":"address","name":"to","type":"address"},{"indexed":false,"internalType":"uint256","name":"amount","type":"uint256"},{"indexed":false,"internalType":"bytes","name":"extraData","type":"bytes"}],"name":"ERC20BridgeInitiated","type":"event"},{"anonymous":false,"inputs":[{"indexed":true,"internalType":"address","name":"l1Token","type":"address"},{"indexed":true,"internalType":"address","name":"l2Token","type":"address"},{"indexed":true,"internalType":"address","name":"from","type":"address"},{"indexed":false,"internalType":"address","name":"to","type":"address"},{"indexed":false,"internalType":"uint256","name":"amount","type":"uint256"},{"indexed":false,"internalType":"bytes","name":"extraData","type":"bytes"}],"name":"ERC20DepositInitiated","type":"event"},{"anonymous":false,"inputs":[{"indexed":true,"internalType":"address","name":"l1Token","type":"address"},{"indexed":true,"internalType":"address","name":"l2Token","type":"address"},{"indexed":true,"internalType":"address","name":"from","type":"address"},{"indexed":false,"internalType":"address","name":"to","type":"address"},{"indexed":false,"internalType":"uint256","name":"amount","type":"uint256"},{"indexed":false,"internalType":"bytes","name":"extraData","type":"bytes"}],"name":"ERC20WithdrawalFinalized","type":"event"},{"anonymous":false,"inputs":[{"indexed":true,"internalType":"address","name":"from","type":"address"},{"indexed":true,"internalType":"address","name":"to","type":"address"},{"indexed":false,"internalType":"uint256","name":"amount","type":"uint256"},{"indexed":false,"internalType":"bytes","name":"extraData","type":"bytes"}],"name":"ETHBridgeFinalized","type":"event"},{"anonymous":false,"inputs":[{"indexed":true,"internalType":"address","name":"from","type":"address"},{"indexed":true,"internalType":"address","name":"to","type":"address"},{"indexed":false,"internalType":"uint256","name":"amount","type":"uint256"},{"indexed":false,"internalType":"bytes","name":"extraData","type":"bytes"}],"name":"ETHBridgeInitiated","type":"event"},{"anonymous":false,"inputs":[{"indexed":true,"internalType":"address","name":"from","type":"address"},{"indexed":true,"internalType":"address","name":"to","type":"address"},{"indexed":false,"internalType":"uint256","name":"amount","type":"uint256"},{"indexed":false,"internalType":"bytes","name":"extraData","type":"bytes"}],"name":"ETHDepositInitiated","type":"event"},{"anonymous":false,"inputs":[{"indexed":true,"internalType":"address","name":"from","type":"address"},{"indexed":true,"internalType":"address","name":"to","type":"address"},{"indexed":false,"internalType":"uint256","name":"amount","type":"uint256"},{"indexed":false,"internalType":"bytes","name":"extraData","type":"bytes"}],"name":"ETHWithdrawalFinalized","type":"event"},{"inputs":[],"name":"MESSENGER","outputs":[{"internalType":"contract CrossDomainMessenger","name":"","type":"address"}],"stateMutability":"view","type":"function"},{"inputs":[],"name":"OTHER_BRIDGE","outputs":[{"internalType":"contract StandardBridge","name":"","type":"address"}],"stateMutability":"view","type":"function"},{"inputs":[{"internalType":"address","name":"_localToken","type":"address"},{"internalType":"address","name":"_remoteToken","type":"address"},{"internalType":"uint256","name":"_amount","type":"uint256"},{"internalType":"uint32","name":"_minGasLimit","type":"uint32"},{"internalType":"bytes","name":"_extraData","type":"bytes"}],"name":"bridgeERC20","outputs":[],"stateMutability":"nonpayable","type":"function"},{"inputs":[{"internalType":"address","name":"_localToken","type":"address"},{"internalType":"address","name":"_remoteToken","type":"address"},{"internalType":"address","name":"_to","type":"address"},{"internalType":"uint256","name":"_amount","type":"uint256"},{"internalType":"uint32","name":"_minGasLimit","type":"uint32"},{"internalType":"bytes","name":"_extraData","type":"bytes"}],"name":"bridgeERC20To","outputs":[],"stateMutability":"nonpayable","type":"function"},{"inputs":[{"internalType":"uint32","name":"_minGasLimit","type":"uint32"},{"internalType":"bytes","name":"_extraData","type":"bytes"}],"name":"bridgeETH","outputs":[],"stateMutability":"payable","type":"function"},{"inputs":[{"internalType":"address","name":"_to","type":"address"},{"internalType":"uint32","name":"_minGasLimit","type":"uint32"},{"internalType":"bytes","name":"_extraData","type":"bytes"}],"name":"bridgeETHTo","outputs":[],"stateMutability":"payable","type":"function"},{"inputs":[{"internalType":"address","name":"_l1Token","type":"address"},{"internalType":"address","name":"_l2Token","type":"address"},{"internalType":"uint256","name":"_amount","type":"uint256"},{"internalType":"uint32","name":"_minGasLimit","type":"uint32"},{"internalType":"bytes","name":"_extraData","type":"bytes"}],"name":"depositERC20","outputs":[],"stateMutability":"nonpayable","type":"function"},{"inputs":[{"internalType":"address","name":"_l1Token","type":"address"},{"internalType":"address","name":"_l2Token","type":"address"},{"internalType":"address","name":"_to","type":"address"},{"internalType":"uint256","name":"_amount","type":"uint256"},{"internalType":"uint32","name":"_minGasLimit","type":"uint32"},{"internalType":"bytes","name":"_extraData","type":"bytes"}],"name":"depositERC20To","outputs":[],"stateMutability":"nonpayable","type":"function"},{"inputs":[{"internalType":"uint32","name":"_minGasLimit","type":"uint32"},{"internalType":"bytes","name":"_extraData","type":"bytes"}],"name":"depositETH","outputs":[],"stateMutability":"payable","type":"function"},{"inputs":[{"internalType":"address","name":"_to","type":"address"},{"internalType":"uint32","name":"_minGasLimit","type":"uint32"},{"internalType":"bytes","name":"_extraData","type":"bytes"}],"name":"depositETHTo","outputs":[],"stateMutability":"payable","type":"function"},{"inputs":[{"internalType":"address","name":"","type":"address"},{"internalType":"address","name":"","type":"address"}],"name":"deposits","outputs":[{"internalType":"uint256","name":"","type":"uint256"}],"stateMutability":"view","type":"function"},{"inputs":[{"internalType":"address","name":"_localToken","type":"address"},{"internalType":"address","name":"_remoteToken","type":"address"},{"internalType":"address","name":"_from","type":"address"},{"internalType":"address","name":"_to","type":"address"},{"internalType":"uint256","name":"_amount","type":"uint256"},{"internalType":"bytes","name":"_extraData","type":"bytes"}],"name":"finalizeBridgeERC20","outputs":[],"stateMutability":"nonpayable","type":"function"},{"inputs":[{"internalType":"address","name":"_from","type":"address"},{"internalType":"address","name":"_to","type":"address"},{"internalType":"uint256","name":"_amount","type":"uint256"},{"internalType":"bytes","name":"_extraData","type":"bytes"}],"name":"finalizeBridgeETH","outputs":[],"stateMutability":"payable","type":"function"},{"inputs":[{"internalType":"address","name":"_l1Token","type":"address"},{"internalType":"address","name":"_l2Token","type":"address"},{"internalType":"address","name":"_from","type":"address"},{"internalType":"address","name":"_to","type":"address"},{"internalType":"uint256","name":"_amount","type":"uint256"},{"internalType":"bytes","name":"_extraData","type":"bytes"}],"name":"finalizeERC20Withdrawal","outputs":[],"stateMutability":"nonpayable","type":"function"},{"inputs":[{"internalType":"address","name":"_from","type":"address"},{"internalType":"address","name":"_to","type":"address"},{"internalType":"uint256","name":"_amount","type":"uint256"},{"internalType":"bytes","name":"_extraData","type":"bytes"}],"name":"finalizeETHWithdrawal","outputs":[],"stateMutability":"payable","type":"function"},{"inputs":[],"name":"l2TokenBridge","outputs":[{"internalType":"address","name":"","type":"address"}],"stateMutability":"view","type":"function"},{"inputs":[],"name":"messenger","outputs":[{"internalType":"contract CrossDomainMessenger","name":"","type":"address"}],"stateMutability":"view","type":"function"},{"inputs":[],"name":"version","outputs":[{"internalType":"string","name":"","type":"string"}],"stateMutability":"view","type":"function"},{"stateMutability":"payable","type":"receive"}]